<?xml version="1.0" encoding="UTF-8"?>
<project-private xmlns="http://www.netbeans.org/ns/project-private/1">
    <editor-bookmarks xmlns="http://www.netbeans.org/ns/editor-bookmarks/2" lastBookmarkId="0"/>
    <open-files xmlns="http://www.netbeans.org/ns/projectui-open-files/2">
        <group>
            <file>file:/C:/Users/hp/Documents/NetBeansProjects/DS_Assignment3_SuneelKumar/src/SearchEngine/Node2.java</file>
            <file>file:/C:/Users/hp/Documents/NetBeansProjects/DS_Assignment3_SuneelKumar/src/SearchEngine/main.java</file>
            <file>file:/C:/Users/hp/Documents/NetBeansProjects/DS_Assignment3_SuneelKumar/src/SearchEngine/WordCollectionArrayBased.java</file>
            <file>file:/C:/Users/hp/Documents/NetBeansProjects/DS_Assignment3_SuneelKumar/src/polynomial.java</file>
            <file>file:/C:/Users/hp/Documents/NetBeansProjects/DS_Assignment3_SuneelKumar/src/SearchEngine/WordList.java</file>
            <file>file:/C:/Users/hp/Documents/NetBeansProjects/DS_Assignment3_SuneelKumar/src/SearchEngine/Node1.java</file>
            <file>file:/C:/Users/hp/Documents/NetBeansProjects/DS_Assignment3_SuneelKumar/src/SearchEngine/URLList.java</file>
            <file>file:/C:/Users/hp/Documents/NetBeansProjects/DS_Assignment3_SuneelKumar/src/Node.java</file>
        </group>
    </open-files>
</project-private>
